﻿<?xml version="1.0" encoding="utf-8"?>
<root>
  <day-ThunderStorm>thunderstorm-day.jpg</day-ThunderStorm>
  <day-Rain>rain-day.jpg</day-Rain>
  <day-Snow>snow-day.jpg</day-Snow>
  <day-Dust>dust-day.jpg</day-Dust>
  <day-Fog>fog-day.jpg</day-Fog>
  <day-Haze>haze-day.jpg</day-Haze>
  <day-Smoke>day-smoke.jpg</day-Smoke>
  <day-Windy>wind-day.jpg</day-Windy>
  <day-Frigid>frigid-day.jpg</day-Frigid>
  <day-Cloudy>cloudy-day.jpg</day-Cloudy>
  <day-PartlyCloudy>partlycloudy-day.jpg</day-PartlyCloudy>
  <day-Clear>clear-day.jpg</day-Clear>
  <day-Hot>hot-day.jpg</day-Hot>
  <night-ThunderStorm>thunderstorm-night.jpg</night-ThunderStorm>
  <night-Rain>rain-night.jpg</night-Rain>
  <night-Snow>snow-night.jpg</night-Snow>
  <night-Dust>dust-night.jpg</night-Dust>
  <night-Fog>fog-night.jpg</night-Fog>
  <night-Haze>haze-night.jpg</night-Haze>
  <night-Smoke>night-smoke.jpg</night-Smoke>
  <night-Windy>wind-night.jpg</night-Windy>
  <night-Frigid>frigid-night.jpg</night-Frigid>
  <night-Cloudy>cloudy-night.jpg</night-Cloudy>
  <night-PartlyCloudy>partlycloudy-night.jpg</night-PartlyCloudy>
  <night-Clear>clear-night.jpg</night-Clear>
  <night-Hot>hot-night.jpg</night-Hot>
</root>